entity_uuid,wave
04e085a0-a2e4-4f76-88cd-2e6b7861a06e,0
06aaa47d-699f-4dc9-9717-a1b0b8386f2f,0
092fe68a-113e-4a5b-920f-0a98666bf973,0
1035fa2c-e440-42e3-9635-2a3305e76ead,0
19463d17-74e6-4e65-a408-2e9957695c90,0
2141c92c-eefa-4320-9401-cfef76837229,0
3a0ea53d-f574-4aaa-b86d-d2393320603c,0
3b39a0ed-d861-49f4-b141-2771afc778d1,0
3bb58abd-2f1f-4d74-8721-5d9aee1a114d,0
4b32c129-f472-4686-afcf-f1ade351e727,0
4b600eec-c83d-4b17-8b41-6d6f42fcb2a9,0
5b3bd727-add0-4e76-bd81-d6d98f4dd92e,0
622c6791-cfa8-4fac-9522-082b0fb142f5,0
67ccc2ca-e345-4216-9902-e4dbaed9713b,0
6f0413df-c6cc-40df-9298-8bb3cfc681be,0
6fe4956a-bf1c-475d-82ef-fa2f977b8304,0
71b9683b-5c8a-4aaf-bfa3-8fb9ca30c997,0
76f149ae-7e1d-4747-a1bb-501301a8ac97,0
812259bf-f5fd-47b1-8895-592089a005d5,0
86225345-86b1-4c38-9b4d-af98ed02ec44,0
8a0ac3c7-cf01-4c9c-a04b-a43d61889d47,0
94a1775e-455d-4854-aefd-eda693d2167a,0
994e586b-145c-4501-ac70-3059c64d7308,0
9ca86709-cf0c-46ff-8744-83dda40cb32f,0
c013f650-6e11-46d0-a085-f1278e89a80d,0
c05ccb74-e981-4f5d-89ab-bbde04d11474,0
c28d9068-95cd-4b4d-a9f9-b998d03fd26e,0
ffd2e98a-1022-477c-b1ae-44de28214b3d,0